{
	"RunDate": "2019-01-23T11:04:59.7816933-08:00",
	"NRDiagVersion": "1.3.17",
	"Configuration": {
		"Verbose": false,
		"Quiet": false,
		"VeryQuiet": false,
		"YesToAll": false,
		"ShowOverrideHelp": false,
		"ProxySpecified": false,
		"SkipVersionCheck": false,
		"Tasks": "",
		"AttachmentKey": "",
		"ConfigFile": "",
		"Override": "",
		"OutputPath": ".\\",
		"Filter": "success,warning,failure,error,info",
		"BrowserURL": ""
	},
	"Results": [
		{
			"Identifier": {
				"Name": "CollectEnvVars",
				"Category": "Base",
				"Subcategory": "Env"
			},
			"Override": false,
			"Result": {
				"Status": "Info",
				"Summary": "Gathered Environment variables of current shell.",
				"URL": "",
				"FilesToCopy": null,
				"Payload": {
					"APPDATA": "C:\\Users\\Sten\\AppData\\Roaming",
					"LOCALAPPDATA": "C:\\Users\\Sten\\AppData\\Local",
					"Path": "C:\\Program Files (x86)\\Intel\\iCLS Client\\;C:\\Program Files\\Intel\\iCLS Client\\;C:\\Windows\\system32;C:\\Windows;C:\\Windows\\System32\\Wbem;C:\\Windows\\System32\\WindowsPowerShell\\v1.0\\;C:\\Program Files\\Intel\\Intel(R) Management Engine Components\\DAL;C:\\Program Files\\Intel\\Intel(R) Management Engine Components\\IPT;C:\\Program Files (x86)\\Intel\\Intel(R) Management Engine Components\\DAL;C:\\Program Files (x86)\\Intel\\Intel(R) Management Engine Components\\IPT;C:\\Program Files (x86)\\Skype\\Phone\\;D:\\Program Files (x86)\\Brackets\\command;D:\\Program Files\\Git\\cmd;D:\\Program Files\\nodejs\\;C:\\xampp\\php;C:\\ProgramData\\ComposerSetup\\bin;D:\\Program Files\\Git\\mingw64\\bin;C:\\Users\\Sten\\AppData\\Local\\atom\\bin;C:\\Program Files\\Heroku\\bin;D:\\Program Files\\Git;C:\\Users\\Sten\\AppData\\Local\\GitHubDesktop\\bin;C:\\Users\\Sten\\AppData\\Roaming\\npm;C:\\Users\\Sten\\AppData\\Roaming\\Composer\\vendor\\bin",
					"ProgramData": "C:\\ProgramData",
					"ProgramFiles": "C:\\Program Files (x86)"
				}
			}
		},
		{
			"Identifier": {
				"Name": "Installed",
				"Category": "DotNetCore",
				"Subcategory": "Agent"
			},
			"Override": false,
			"Result": {
				"Status": "None",
				"Summary": "The .NET CoreCLR agent is not installed in D:\\github\\neo",
				"URL": "",
				"FilesToCopy": null,
				"Payload": null
			}
		},
		{
			"Identifier": {
				"Name": "Collect",
				"Category": "Base",
				"Subcategory": "Config"
			},
			"Override": false,
			"Result": {
				"Status": "Success",
				"Summary": "There were 1 file(s) found",
				"URL": "",
				"FilesToCopy": [
					{
						"Path": "D:\\github\\neo\\newrelic.js",
						"Name": "./newrelic.js",
						"StoredName": "newrelic.js",
						"Streamed": false,
						"Identifier": ""
					}
				],
				"Payload": [
					{
						"FileName": "newrelic.js",
						"FilePath": "D:\\github\\neo\\"
					}
				]
			}
		},
		{
			"Identifier": {
				"Name": "Validate",
				"Category": "Base",
				"Subcategory": "Config"
			},
			"Override": false,
			"Result": {
				"Status": "Success",
				"Summary": "\nSuccessfully parsed config file - D:\\github\\neo\\newrelic.js",
				"URL": "",
				"FilesToCopy": null,
				"Payload": [
					{
						"FileName": "newrelic.js",
						"FilePath": "D:\\github\\neo\\",
						"Status": "Success"
					}
				]
			}
		},
		{
			"Identifier": {
				"Name": "Agent",
				"Category": "DotNetCore",
				"Subcategory": "Config"
			},
			"Override": false,
			"Result": {
				"Status": "None",
				"Summary": ".NET Core Agent not installed, not checking config",
				"URL": "",
				"FilesToCopy": null,
				"Payload": null
			}
		},
		{
			"Identifier": {
				"Name": "LevelCollect",
				"Category": "DotNetCore",
				"Subcategory": "Log"
			},
			"Override": false,
			"Result": {
				"Status": "None",
				"Summary": ".NET Core Agent not installed, skipping this task.",
				"URL": "",
				"FilesToCopy": null,
				"Payload": null
			}
		},
		{
			"Identifier": {
				"Name": "Agent",
				"Category": "Ruby",
				"Subcategory": "Config"
			},
			"Override": false,
			"Result": {
				"Status": "None",
				"Summary": "No Ruby agent found on system",
				"URL": "",
				"FilesToCopy": null,
				"Payload": null
			}
		},
		{
			"Identifier": {
				"Name": "Process",
				"Category": "Ruby",
				"Subcategory": "Env"
			},
			"Override": false,
			"Result": {
				"Status": "None",
				"Summary": "",
				"URL": "",
				"FilesToCopy": null,
				"Payload": null
			}
		},
		{
			"Identifier": {
				"Name": "Installed",
				"Category": "DotNet",
				"Subcategory": "Agent"
			},
			"Override": false,
			"Result": {
				"Status": "None",
				"Summary": "",
				"URL": "",
				"FilesToCopy": null,
				"Payload": null
			}
		},
		{
			"Identifier": {
				"Name": "WasRegKey",
				"Category": "DotNet",
				"Subcategory": "Profiler"
			},
			"Override": false,
			"Result": {
				"Status": "None",
				"Summary": "Did not detect .Net Agent as being installed, this check did not run",
				"URL": "",
				"FilesToCopy": null,
				"Payload": null
			}
		},
		{
			"Identifier": {
				"Name": "EnvVarKey",
				"Category": "DotNet",
				"Subcategory": "Profiler"
			},
			"Override": false,
			"Result": {
				"Status": "None",
				"Summary": "Did not detect .Net Agent as being installed, this check did not run",
				"URL": "",
				"FilesToCopy": null,
				"Payload": null
			}
		},
		{
			"Identifier": {
				"Name": "Datastores",
				"Category": "DotNet",
				"Subcategory": "Requirements"
			},
			"Override": false,
			"Result": {
				"Status": "None",
				"Summary": ".Net Agent not installed, this task didn't run",
				"URL": "",
				"FilesToCopy": null,
				"Payload": null
			}
		},
		{
			"Identifier": {
				"Name": "Agent",
				"Category": "Java",
				"Subcategory": "Config"
			},
			"Override": false,
			"Result": {
				"Status": "None",
				"Summary": "No Java agent found on system",
				"URL": "",
				"FilesToCopy": null,
				"Payload": null
			}
		},
		{
			"Identifier": {
				"Name": "JbossEapCheck",
				"Category": "Java",
				"Subcategory": "Appserver"
			},
			"Override": false,
			"Result": {
				"Status": "None",
				"Summary": "Java config file not detected, this task didn't run",
				"URL": "https://docs.newrelic.com/docs/agents/java-agent/getting-started/compatibility-requirements-java-agent#app-web-servers",
				"FilesToCopy": null,
				"Payload": null
			}
		},
		{
			"Identifier": {
				"Name": "Agent",
				"Category": "Python",
				"Subcategory": "Config"
			},
			"Override": false,
			"Result": {
				"Status": "None",
				"Summary": "No Python agent found on system",
				"URL": "",
				"FilesToCopy": null,
				"Payload": null
			}
		},
		{
			"Identifier": {
				"Name": "Dependencies",
				"Category": "Python",
				"Subcategory": "Env"
			},
			"Override": false,
			"Result": {
				"Status": "None",
				"Summary": "Python Agent not installed. This task didn't run.",
				"URL": "",
				"FilesToCopy": null,
				"Payload": null
			}
		},
		{
			"Identifier": {
				"Name": "Webframework",
				"Category": "Python",
				"Subcategory": "Requirements"
			},
			"Override": false,
			"Result": {
				"Status": "None",
				"Summary": "No dependencies found. This task didn't run.",
				"URL": "",
				"FilesToCopy": null,
				"Payload": null
			}
		},
		{
			"Identifier": {
				"Name": "Version",
				"Category": "Ruby",
				"Subcategory": "Agent"
			},
			"Override": false,
			"Result": {
				"Status": "None",
				"Summary": "",
				"URL": "",
				"FilesToCopy": null,
				"Payload": null
			}
		},
		{
			"Identifier": {
				"Name": "Agent",
				"Category": "Node",
				"Subcategory": "Config"
			},
			"Override": false,
			"Result": {
				"Status": "Success",
				"Summary": "Node agent identified as present on system",
				"URL": "",
				"FilesToCopy": null,
				"Payload": [
					{
						"FileName": "newrelic.js",
						"FilePath": "D:\\github\\neo\\",
						"Status": "Success"
					},
					{
						"FileName": "newrelic.js",
						"FilePath": "D:\\github\\neo\\",
						"Status": "Success"
					}
				]
			}
		},
		{
			"Identifier": {
				"Name": "Copy",
				"Category": "Base",
				"Subcategory": "Log"
			},
			"Override": false,
			"Result": {
				"Status": "Success",
				"Summary": "There were 1 file(s) found",
				"URL": "",
				"FilesToCopy": [
					{
						"Path": "D:\\github\\neo\\newrelic_agent.log",
						"Name": "Base/Log/newrelic_agent.log",
						"Streamed": false
					}
				],
				"Payload": [
					{
						"FileName": "newrelic_agent.log",
						"FilePath": "D:\\github\\neo\\"
					}
				]
			}
		},
		{
			"Identifier": {
				"Name": "Version",
				"Category": "Node",
				"Subcategory": "Agent"
			},
			"Override": false,
			"Result": {
				"Status": "Info",
				"Summary": " 5.1.0",
				"URL": "",
				"FilesToCopy": null,
				"Payload": [
					{
						"Logfile": "D:\\github\\neo\\newrelic_agent.log",
						"AgentVersion": " 5.1.0",
						"MatchFound": true
					}
				]
			}
		},
		{
			"Identifier": {
				"Name": "Agent",
				"Category": "PHP",
				"Subcategory": "Config"
			},
			"Override": false,
			"Result": {
				"Status": "None",
				"Summary": "No PHP agent found on system",
				"URL": "",
				"FilesToCopy": null,
				"Payload": null
			}
		},
		{
			"Identifier": {
				"Name": "Agent",
				"Category": "Infra",
				"Subcategory": "Config"
			},
			"Override": false,
			"Result": {
				"Status": "None",
				"Summary": "No Infra agent found on system",
				"URL": "",
				"FilesToCopy": null,
				"Payload": null
			}
		},
		{
			"Identifier": {
				"Name": "Collect",
				"Category": "Infra",
				"Subcategory": "Log"
			},
			"Override": false,
			"Result": {
				"Status": "None",
				"Summary": "Not executing task. Infra agent not found.",
				"URL": "",
				"FilesToCopy": null,
				"Payload": null
			}
		},
		{
			"Identifier": {
				"Name": "Detect",
				"Category": "Android",
				"Subcategory": "Agent"
			},
			"Override": false,
			"Result": {
				"Status": "None",
				"Summary": "Android environment not detected",
				"URL": "",
				"FilesToCopy": null,
				"Payload": null
			}
		},
		{
			"Identifier": {
				"Name": "LicenseKey",
				"Category": "Base",
				"Subcategory": "Config"
			},
			"Override": false,
			"Result": {
				"Status": "Success",
				"Summary": "1 unique New Relic license key(s) found.",
				"URL": "",
				"FilesToCopy": null,
				"Payload": [
					"process.env.NEW_RELIC_KEY"
				]
			}
		},
		{
			"Identifier": {
				"Name": "RegionDetect",
				"Category": "Base",
				"Subcategory": "Config"
			},
			"Override": false,
			"Result": {
				"Status": "Info",
				"Summary": "1 unique New Relic region(s) detected from config.",
				"URL": "",
				"FilesToCopy": null,
				"Payload": [
					"us01"
				]
			}
		},
		{
			"Identifier": {
				"Name": "Process",
				"Category": "Java",
				"Subcategory": "Env"
			},
			"Override": false,
			"Result": {
				"Status": "None",
				"Summary": "Java Agent was not detected on this host.",
				"URL": "",
				"FilesToCopy": null,
				"Payload": []
			}
		},
		{
			"Identifier": {
				"Name": "Validate",
				"Category": "Java",
				"Subcategory": "Config"
			},
			"Override": false,
			"Result": {
				"Status": "None",
				"Summary": "Java agent not detected",
				"URL": "",
				"FilesToCopy": null,
				"Payload": null
			}
		},
		{
			"Identifier": {
				"Name": "LevelValidate",
				"Category": "DotNetCore",
				"Subcategory": "Log"
			},
			"Override": false,
			"Result": {
				"Status": "None",
				"Summary": ".NET Core Agent not installed, skipping this task.",
				"URL": "",
				"FilesToCopy": null,
				"Payload": null
			}
		},
		{
			"Identifier": {
				"Name": "MessagingServicesCheck",
				"Category": "DotNet",
				"Subcategory": "Requirements"
			},
			"Override": false,
			"Result": {
				"Status": "None",
				"Summary": ".Net Agent not installed this task didn't run",
				"URL": "",
				"FilesToCopy": null,
				"Payload": null
			}
		},
		{
			"Identifier": {
				"Name": "Version",
				"Category": "Python",
				"Subcategory": "Agent"
			},
			"Override": false,
			"Result": {
				"Status": "None",
				"Summary": "Python agent not detected",
				"URL": "",
				"FilesToCopy": null,
				"Payload": null
			}
		},
		{
			"Identifier": {
				"Name": "CheckWindowsAdmin",
				"Category": "Base",
				"Subcategory": "Env"
			},
			"Override": false,
			"Result": {
				"Status": "Success",
				"Summary": "NR Diag detected having Elevated permissions",
				"URL": "",
				"FilesToCopy": null,
				"Payload": null
			}
		},
		{
			"Identifier": {
				"Name": "DetectAWS",
				"Category": "Base",
				"Subcategory": "Env"
			},
			"Override": false,
			"Result": {
				"Status": "None",
				"Summary": "AWS metadata endpoint timeout",
				"URL": "",
				"FilesToCopy": null,
				"Payload": null
			}
		},
		{
			"Identifier": {
				"Name": "Version",
				"Category": "Java",
				"Subcategory": "JVM"
			},
			"Override": false,
			"Result": {
				"Status": "None",
				"Summary": "",
				"URL": "",
				"FilesToCopy": null,
				"Payload": null
			}
		},
		{
			"Identifier": {
				"Name": "DotnetVersions",
				"Category": "Base",
				"Subcategory": "Env"
			},
			"Override": false,
			"Result": {
				"Status": "Info",
				"Summary": "v2.0.50727, v3.0, v3.5, v4, v4.0, v4.7 or later",
				"URL": "",
				"FilesToCopy": null,
				"Payload": [
					"v2.0.50727",
					"v3.0",
					"v3.5",
					"v4",
					"v4.0",
					"v4.7 or later"
				]
			}
		},
		{
			"Identifier": {
				"Name": "DotnetTarget",
				"Category": "DotNet",
				"Subcategory": "Requirements"
			},
			"Override": false,
			"Result": {
				"Status": "None",
				"Summary": "Did not detect .Net Agent as being installed, this check did not run",
				"URL": "",
				"FilesToCopy": null,
				"Payload": null
			}
		},
		{
			"Identifier": {
				"Name": "Version",
				"Category": "DotNet",
				"Subcategory": "Agent"
			},
			"Override": false,
			"Result": {
				"Status": "None",
				"Summary": "Did not detect .Net Agent as being installed, this check did not run",
				"URL": "",
				"FilesToCopy": null,
				"Payload": null
			}
		},
		{
			"Identifier": {
				"Name": "NetTargetAgentVersionValidate",
				"Category": "DotNet",
				"Subcategory": "Requirements"
			},
			"Override": false,
			"Result": {
				"Status": "None",
				"Summary": "Did not detect .Net Agent as being installed, this check did not run",
				"URL": "",
				"FilesToCopy": null,
				"Payload": null
			}
		},
		{
			"Identifier": {
				"Name": "JBossAsCheck",
				"Category": "Java",
				"Subcategory": "Appserver"
			},
			"Override": false,
			"Result": {
				"Status": "None",
				"Summary": "Could not find JBoss AS Home Path. Assuming JBoss AS is not installed",
				"URL": "https://docs.newrelic.com/docs/agents/java-agent/getting-started/compatibility-requirements-java-agent#app-web-servers",
				"FilesToCopy": null,
				"Payload": null
			}
		},
		{
			"Identifier": {
				"Name": "Detect",
				"Category": "iOS",
				"Subcategory": "Env"
			},
			"Override": false,
			"Result": {
				"Status": "None",
				"Summary": "iOS environment not detected",
				"URL": "",
				"FilesToCopy": null,
				"Payload": null
			}
		},
		{
			"Identifier": {
				"Name": "Version",
				"Category": "iOS",
				"Subcategory": "Agent"
			},
			"Override": false,
			"Result": {
				"Status": "None",
				"Summary": "Task did not meet requirements necessary to run: iOS environment not detected.",
				"URL": "",
				"FilesToCopy": null,
				"Payload": null
			}
		},
		{
			"Identifier": {
				"Name": "DotNetCoreVersions",
				"Category": "Base",
				"Subcategory": "Env"
			},
			"Override": false,
			"Result": {
				"Status": "None",
				"Summary": ".NET Core is not installed.",
				"URL": "",
				"FilesToCopy": null,
				"Payload": null
			}
		},
		{
			"Identifier": {
				"Name": "DotNetCoreVersion",
				"Category": "DotNetCore",
				"Subcategory": "Requirements"
			},
			"Override": false,
			"Result": {
				"Status": "None",
				"Summary": "Did not detect .Net Core Agent as being installed, skipping this task.",
				"URL": "",
				"FilesToCopy": null,
				"Payload": null
			}
		},
		{
			"Identifier": {
				"Name": "ProxyDetect",
				"Category": "Base",
				"Subcategory": "Config"
			},
			"Override": false,
			"Result": {
				"Status": "None",
				"Summary": "",
				"URL": "",
				"FilesToCopy": null,
				"Payload": null
			}
		},
		{
			"Identifier": {
				"Name": "ConnectUS",
				"Category": "Base",
				"Subcategory": "Collector"
			},
			"Override": false,
			"Result": {
				"Status": "Success",
				"Summary": "Status Code = 200 Body = mongrel ==\u003e up\n",
				"URL": "",
				"FilesToCopy": null,
				"Payload": null
			}
		},
		{
			"Identifier": {
				"Name": "Version",
				"Category": "Infra",
				"Subcategory": "Agent"
			},
			"Override": false,
			"Result": {
				"Status": "None",
				"Summary": "",
				"URL": "",
				"FilesToCopy": null,
				"Payload": null
			}
		},
		{
			"Identifier": {
				"Name": "Collect",
				"Category": "DotNet",
				"Subcategory": "W3wp"
			},
			"Override": false,
			"Result": {
				"Status": "None",
				"Summary": ".NET Agent is not installed, skipping this check.",
				"URL": "",
				"FilesToCopy": null,
				"Payload": null
			}
		},
		{
			"Identifier": {
				"Name": "Validate",
				"Category": "DotNet",
				"Subcategory": "W3wp"
			},
			"Override": false,
			"Result": {
				"Status": "None",
				"Summary": "",
				"URL": "",
				"FilesToCopy": null,
				"Payload": null
			}
		},
		{
			"Identifier": {
				"Name": "ProcessorType",
				"Category": "DotNet",
				"Subcategory": "Requirements"
			},
			"Override": false,
			"Result": {
				"Status": "None",
				"Summary": "Did not detect .Net Agent as being installed, this check did not run",
				"URL": "",
				"FilesToCopy": null,
				"Payload": null
			}
		},
		{
			"Identifier": {
				"Name": "HostInfo",
				"Category": "Base",
				"Subcategory": "Env"
			},
			"Override": false,
			"Result": {
				"Status": "Info",
				"Summary": "Sten-PC",
				"URL": "",
				"FilesToCopy": null,
				"Payload": {
					"Hostname": "Sten-PC",
					"OS": "windows",
					"Platform": "Microsoft Windows 7 Home Premium Service Pack 1",
					"PlatformFamily": "Standalone Workstation",
					"PlatformVersion": "6.1.7601 Build 7601"
				}
			}
		},
		{
			"Identifier": {
				"Name": "OS",
				"Category": "DotNet",
				"Subcategory": "Requirements"
			},
			"Override": false,
			"Result": {
				"Status": "None",
				"Summary": "Did not detect .Net Agent as being installed, this check did not run",
				"URL": "",
				"FilesToCopy": null,
				"Payload": null
			}
		},
		{
			"Identifier": {
				"Name": "OwinCheck",
				"Category": "DotNet",
				"Subcategory": "Requirements"
			},
			"Override": false,
			"Result": {
				"Status": "None",
				"Summary": "Did not detect .Net Agent as being installed, this check did not run",
				"URL": "",
				"FilesToCopy": null,
				"Payload": null
			}
		},
		{
			"Identifier": {
				"Name": "WebSphere",
				"Category": "Java",
				"Subcategory": "AppServer"
			},
			"Override": false,
			"Result": {
				"Status": "None",
				"Summary": "Websphere was not detected in this environment.",
				"URL": "",
				"FilesToCopy": null,
				"Payload": null
			}
		},
		{
			"Identifier": {
				"Name": "Connect",
				"Category": "Infra",
				"Subcategory": "Agent"
			},
			"Override": false,
			"Result": {
				"Status": "None",
				"Summary": "Infrastructure Agent config not present.",
				"URL": "",
				"FilesToCopy": null,
				"Payload": null
			}
		},
		{
			"Identifier": {
				"Name": "NpmVersion",
				"Category": "Node",
				"Subcategory": "Env"
			},
			"Override": false,
			"Result": {
				"Status": "Info",
				"Summary": "5.6.0",
				"URL": "",
				"FilesToCopy": null,
				"Payload": null
			}
		},
		{
			"Identifier": {
				"Name": "Version",
				"Category": "Python",
				"Subcategory": "Env"
			},
			"Override": false,
			"Result": {
				"Status": "None",
				"Summary": "Python Agent not installed. This task didn't run.",
				"URL": "",
				"FilesToCopy": null,
				"Payload": null
			}
		},
		{
			"Identifier": {
				"Name": "Collect",
				"Category": "DotNetCore",
				"Subcategory": "CustomInstrumentation"
			},
			"Override": false,
			"Result": {
				"Status": "None",
				"Summary": ".NET Core Agent not installed, not checking for custom instrumentation files",
				"URL": "",
				"FilesToCopy": null,
				"Payload": null
			}
		},
		{
			"Identifier": {
				"Name": "W3svcRegKey",
				"Category": "DotNet",
				"Subcategory": "Profiler"
			},
			"Override": false,
			"Result": {
				"Status": "None",
				"Summary": "Did not detect .Net Agent as being installed, this check did not run",
				"URL": "",
				"FilesToCopy": null,
				"Payload": null
			}
		},
		{
			"Identifier": {
				"Name": "InstrumentationPossible",
				"Category": "DotNet",
				"Subcategory": "Profiler"
			},
			"Override": false,
			"Result": {
				"Status": "None",
				"Summary": "Did not detect .Net Agent as being installed, this check did not run",
				"URL": "",
				"FilesToCopy": null,
				"Payload": null
			}
		},
		{
			"Identifier": {
				"Name": "RequirementCheck",
				"Category": "DotNet",
				"Subcategory": "Requirements"
			},
			"Override": false,
			"Result": {
				"Status": "None",
				"Summary": ".Net Agent not detected as installed, this check didn't run",
				"URL": "https://docs.newrelic.com/docs/agents/net-agent/getting-started/compatibility-requirements-net-framework-agent",
				"FilesToCopy": null,
				"Payload": null
			}
		},
		{
			"Identifier": {
				"Name": "Detect",
				"Category": "Synthetics",
				"Subcategory": "Minion"
			},
			"Override": false,
			"Result": {
				"Status": "None",
				"Summary": "synthetics-minion.jar not found. Not running on synthetics private minion.",
				"URL": "",
				"FilesToCopy": null,
				"Payload": null
			}
		},
		{
			"Identifier": {
				"Name": "Collect",
				"Category": "Ruby",
				"Subcategory": "Config"
			},
			"Override": false,
			"Result": {
				"Status": "None",
				"Summary": "",
				"URL": "",
				"FilesToCopy": null,
				"Payload": null
			}
		},
		{
			"Identifier": {
				"Name": "IncompatibleGems",
				"Category": "Ruby",
				"Subcategory": "Config"
			},
			"Override": false,
			"Result": {
				"Status": "None",
				"Summary": "Either no Gemfile or newrelic.yml was found",
				"URL": "",
				"FilesToCopy": null,
				"Payload": null
			}
		},
		{
			"Identifier": {
				"Name": "PythonVersion",
				"Category": "Python",
				"Subcategory": "Requirements"
			},
			"Override": false,
			"Result": {
				"Status": "None",
				"Summary": "Python version not detected. This task didn't run.",
				"URL": "",
				"FilesToCopy": null,
				"Payload": null
			}
		},
		{
			"Identifier": {
				"Name": "LevelCheck",
				"Category": "Infra",
				"Subcategory": "Log"
			},
			"Override": false,
			"Result": {
				"Status": "None",
				"Summary": "Infrastructure Agent config not present",
				"URL": "",
				"FilesToCopy": null,
				"Payload": null
			}
		},
		{
			"Identifier": {
				"Name": "ConnectEU",
				"Category": "Base",
				"Subcategory": "Collector"
			},
			"Override": false,
			"Result": {
				"Status": "None",
				"Summary": "EU Region not detected, skipping EU collector connect check",
				"URL": "",
				"FilesToCopy": null,
				"Payload": null
			}
		},
		{
			"Identifier": {
				"Name": "VendorsVersions",
				"Category": "Java",
				"Subcategory": "JVM"
			},
			"Override": false,
			"Result": {
				"Status": "Warning",
				"Summary": "There are 5 java processes running on this server. At least one of them is running a potentially unsupported vendor/version combination. Please see nrdiag-output.json results for the Java/JVM/VendorsVersions task for more details.",
				"URL": "https://docs.newrelic.com/docs/agents/java-agent/getting-started/compatibility-requirements-java-agent#jvm",
				"FilesToCopy": null,
				"Payload": [
					{
						"PID": 2336,
						"Vendor": "Unknown",
						"Version": "Unknown",
						"Supported": "Unknown"
					},
					{
						"PID": 4476,
						"Vendor": "Unknown",
						"Version": "Unknown",
						"Supported": "Unknown"
					},
					{
						"PID": 5628,
						"Vendor": "Unknown",
						"Version": "Unknown",
						"Supported": "Unknown"
					},
					{
						"PID": 6380,
						"Vendor": "Unknown",
						"Version": "Unknown",
						"Supported": "Unknown"
					},
					{
						"PID": 1608,
						"Vendor": "Unknown",
						"Version": "Unknown",
						"Supported": "Unknown"
					}
				]
			}
		},
		{
			"Identifier": {
				"Name": "Version",
				"Category": "Java",
				"Subcategory": "Agent"
			},
			"Override": false,
			"Result": {
				"Status": "None",
				"Summary": "",
				"URL": "",
				"FilesToCopy": null,
				"Payload": null
			}
		},
		{
			"Identifier": {
				"Name": "OS",
				"Category": "DotNetCore",
				"Subcategory": "Requirements"
			},
			"Override": false,
			"Result": {
				"Status": "None",
				"Summary": "Did not detect .Net Core Agent as being installed, skipping this task.",
				"URL": "",
				"FilesToCopy": null,
				"Payload": null
			}
		},
		{
			"Identifier": {
				"Name": "ProcessorType",
				"Category": "DotNetCore",
				"Subcategory": "Requirements"
			},
			"Override": false,
			"Result": {
				"Status": "None",
				"Summary": ".NET Core Agent was not detected, skipping this task.",
				"URL": "",
				"FilesToCopy": null,
				"Payload": null
			}
		},
		{
			"Identifier": {
				"Name": "Collect",
				"Category": "DotNet",
				"Subcategory": "CustomInstrumentation"
			},
			"Override": false,
			"Result": {
				"Status": "None",
				"Summary": ".NET Agent not installed, not checking for custom instrumentation files",
				"URL": "",
				"FilesToCopy": null,
				"Payload": null
			}
		},
		{
			"Identifier": {
				"Name": "ConfigValidate",
				"Category": "Synthetics",
				"Subcategory": "Minion"
			},
			"Override": false,
			"Result": {
				"Status": "None",
				"Summary": "Not running on synthetics minion. No config to parse",
				"URL": "",
				"FilesToCopy": null,
				"Payload": null
			}
		},
		{
			"Identifier": {
				"Name": "Running",
				"Category": "PHP",
				"Subcategory": "Daemon"
			},
			"Override": false,
			"Result": {
				"Status": "None",
				"Summary": "PHP Agent was not detected on this host. Skipping daemon detection.",
				"URL": "",
				"FilesToCopy": null,
				"Payload": null
			}
		},
		{
			"Identifier": {
				"Name": "Agent",
				"Category": "DotNet",
				"Subcategory": "Config"
			},
			"Override": false,
			"Result": {
				"Status": "None",
				"Summary": ".NET Agent not installed, not checking config",
				"URL": "",
				"FilesToCopy": null,
				"Payload": null
			}
		},
		{
			"Identifier": {
				"Name": "LevelCollect",
				"Category": "DotNet",
				"Subcategory": "Log"
			},
			"Override": false,
			"Result": {
				"Status": "None",
				"Summary": ".NET Framework Agent not installed, skipping this task.",
				"URL": "",
				"FilesToCopy": null,
				"Payload": null
			}
		},
		{
			"Identifier": {
				"Name": "LevelValidate",
				"Category": "DotNet",
				"Subcategory": "Log"
			},
			"Override": false,
			"Result": {
				"Status": "None",
				"Summary": ".NET Framework Agent not installed, skipping this task.",
				"URL": "",
				"FilesToCopy": null,
				"Payload": null
			}
		},
		{
			"Identifier": {
				"Name": "ReportingTo",
				"Category": "Base",
				"Subcategory": "Log"
			},
			"Override": false,
			"Result": {
				"Status": "Success",
				"Summary": "Found a reporting to.",
				"URL": "",
				"FilesToCopy": null,
				"Payload": [
					{
						"Logfile": "D:\\github\\neo\\newrelic_agent.log",
						"ReportingTo": [
							"Reporting to: https://rpm.newrelic.com/accounts/2222514/applications/254323040\",\"component\":\"collector_api\"}"
						],
						"FileFound": true
					}
				]
			}
		},
		{
			"Identifier": {
				"Name": "DataDirectoryCollect",
				"Category": "Infra",
				"Subcategory": "Config"
			},
			"Override": false,
			"Result": {
				"Status": "None",
				"Summary": "No New Relic Infrastructure agent detected",
				"URL": "",
				"FilesToCopy": null,
				"Payload": null
			}
		},
		{
			"Identifier": {
				"Name": "Version",
				"Category": "Ruby",
				"Subcategory": "Env"
			},
			"Override": false,
			"Result": {
				"Status": "None",
				"Summary": "Ruby Agent not installed. This task didn't run.",
				"URL": "",
				"FilesToCopy": null,
				"Payload": null
			}
		},
		{
			"Identifier": {
				"Name": "PHPinfoCLI",
				"Category": "PHP",
				"Subcategory": "Env"
			},
			"Override": false,
			"Result": {
				"Status": "None",
				"Summary": "PHP Agent was not detected on this host. Skipping PHP info check.",
				"URL": "",
				"FilesToCopy": null,
				"Payload": null
			}
		},
		{
			"Identifier": {
				"Name": "Process",
				"Category": "DotNetCore",
				"Subcategory": "Env"
			},
			"Override": false,
			"Result": {
				"Status": "None",
				"Summary": "Did not detect .Net Core as being installed, skipping this task.",
				"URL": "",
				"FilesToCopy": null,
				"Payload": null
			}
		},
		{
			"Identifier": {
				"Name": "IisCheck",
				"Category": "Base",
				"Subcategory": "Env"
			},
			"Override": false,
			"Result": {
				"Status": "None",
				"Summary": "Could not open Environment Reg Key The system cannot find the file specified.",
				"URL": "",
				"FilesToCopy": null,
				"Payload": null
			}
		},
		{
			"Identifier": {
				"Name": "HordeConnect",
				"Category": "Synthetics",
				"Subcategory": "Minion"
			},
			"Override": false,
			"Result": {
				"Status": "None",
				"Summary": "Not running on private minion",
				"URL": "",
				"FilesToCopy": null,
				"Payload": null
			}
		},
		{
			"Identifier": {
				"Name": "Version",
				"Category": "PHP",
				"Subcategory": "Agent"
			},
			"Override": false,
			"Result": {
				"Status": "None",
				"Summary": "There were no logs found to check for the agent version.",
				"URL": "",
				"FilesToCopy": null,
				"Payload": null
			}
		}
	]
}